guid,questions,answers
8f95faa3-5141-4c8d-af37-717cf8cb9a6a,What are the steps to 'Upload the V7R4 upgrade files to the image catalog named OS74 steps 22 through 37 . Done'?,"To 'Upload the V7R4 upgrade files to the image catalog named OS74 steps 22 through 37 . Done', you would typically follow a project plan. Based on internal documentation, this task involves: Upload the V7R4 upgrade files to the image catalog named OS74 steps 22 through 37 . Done. Further details would be in the specific project plan document for 'SRDSB001 OS 7.4 and MQ 9.3 upgrade'"
e0e7564c-01bc-4580-b5f1-751972afede8,What are the steps to 'Verify the server was upgraded successfully. '?,"To 'Verify the server was upgraded successfully. ', you would typically follow a project plan. Based on internal documentation, this task involves: Verify the server was upgraded successfully. . Further details would be in the specific project plan document for 'SRDSB001 OS 7.4 and MQ 9.3 upgrade'"
54aec441-343b-41c9-b5d2-1070bfeb4b2b,What are the steps to 'Troubleshoot and remediate any issues. '?,"To 'Troubleshoot and remediate any issues. ', you would typically follow a project plan. Based on internal documentation, this task involves: Troubleshoot and remediate any issues. . Further details would be in the specific project plan document for 'SRDSB001 OS 7.4 and MQ 9.3 upgrade'"
e5f1006c-1962-4d44-8203-c58b70d67853,What are the steps to 'DSB will start up all PC servers. '?,"To 'DSB will start up all PC servers. ', you would typically follow a project plan. Based on internal documentation, this task involves: DSB will start up all PC servers. . Further details would be in the specific project plan document for 'SRDSB001 OS 7.4 and MQ 9.3 upgrade'"
c01f56f0-4019-43c2-ac1f-adea87b26a3f,What are the steps to 'Upgrade the OS from V7R3 to V7R4 '?,"To 'Upgrade the OS from V7R3 to V7R4 ', you would typically follow a project plan. Based on internal documentation, this task involves: Upgrade the OS from V7R3 to V7R4 . Further details would be in the specific project plan document for 'SRDSB001 OS 7.4 and MQ 9.3 upgrade'"
5dcdfc2c-c2ff-491e-9d2d-13690b101a92,What are the steps to 'Prepare the server for the upgrade '?,"To 'Prepare the server for the upgrade ', you would typically follow a project plan. Based on internal documentation, this task involves: Prepare the server for the upgrade . Further details would be in the specific project plan document for 'SRDSB001 OS 7.4 and MQ 9.3 upgrade'"
df64de8a-8c32-4f67-b994-640abd4e1665,What are the steps to 'Upload the Licensec programs PTFs to the image catalog named JAVA Done'?,"To 'Upload the Licensec programs PTFs to the image catalog named JAVA Done', you would typically follow a project plan. Based on internal documentation, this task involves: Upload the Licensec programs PTFs to the image catalog named JAVA Done. Further details would be in the specific project plan document for 'SRDSB001 OS 7.4 and MQ 9.3 upgrade'"
179ac26b-cc3d-44d1-ab8d-20156f20f398,What are the steps to 'Upload the PTFs to the image catalog named PTF74 Done'?,"To 'Upload the PTFs to the image catalog named PTF74 Done', you would typically follow a project plan. Based on internal documentation, this task involves: Upload the PTFs to the image catalog named PTF74 Done. Further details would be in the specific project plan document for 'SRDSB001 OS 7.4 and MQ 9.3 upgrade'"
5fb9b353-a3ef-4f4d-85db-3a1253ac3321,What are the steps to 'Load the PTFs onto the system '?,"To 'Load the PTFs onto the system ', you would typically follow a project plan. Based on internal documentation, this task involves: Load the PTFs onto the system . Further details would be in the specific project plan document for 'SRDSB001 OS 7.4 and MQ 9.3 upgrade'"
9d211b09-c5f3-47f4-85ed-cf2f1ff4a22a,What are the steps to 'Load the PTFs onto the system '?,"To 'Load the PTFs onto the system ', you would typically follow a project plan. Based on internal documentation, this task involves: Load the PTFs onto the system . Further details would be in the specific project plan document for 'SRDSB001 OS 7.4 and MQ 9.3 upgrade'"
24e6a013-c801-4c3a-89be-73a5d80951b3,What are the steps to 'Upload the PTFs to the image catalog named PTF73 Done'?,"To 'Upload the PTFs to the image catalog named PTF73 Done', you would typically follow a project plan. Based on internal documentation, this task involves: Upload the PTFs to the image catalog named PTF73 Done. Further details would be in the specific project plan document for 'SRDSB001 OS 7.4 and MQ 9.3 upgrade'"
9e8636a5-558b-4e61-8937-e0041f3d8dde,What are the steps to 'IPL the LPAR to apply the PTFs '?,"To 'IPL the LPAR to apply the PTFs ', you would typically follow a project plan. Based on internal documentation, this task involves: IPL the LPAR to apply the PTFs . Further details would be in the specific project plan document for 'SRDSB001 OS 7.4 and MQ 9.3 upgrade'"
ae25dfbc-6741-471c-ad14-6f6a1cd15bd6,What are the steps to 'DSB will start up the application on the AS/400 '?,"To 'DSB will start up the application on the AS/400 ', you would typically follow a project plan. Based on internal documentation, this task involves: DSB will start up the application on the AS/400 . Further details would be in the specific project plan document for 'SRDSB001 OS 7.4 and MQ 9.3 upgrade'"
3ecd657e-6aa9-44ec-b631-12a238688e67,What are the steps to 'DSB will shut down all running application on the AS/400 '?,"To 'DSB will shut down all running application on the AS/400 ', you would typically follow a project plan. Based on internal documentation, this task involves: DSB will shut down all running application on the AS/400 . Further details would be in the specific project plan document for 'SRDSB001 OS 7.4 and MQ 9.3 upgrade'"
8641494e-5978-4041-9aed-a54880c90623,What are the steps to 'IPL the LPAR to apply the PTFs '?,"To 'IPL the LPAR to apply the PTFs ', you would typically follow a project plan. Based on internal documentation, this task involves: IPL the LPAR to apply the PTFs . Further details would be in the specific project plan document for 'SRDSB001 OS 7.4 and MQ 9.3 upgrade'"
41f78f4f-1e98-4922-9380-9dfd8c3dba22,What are the steps to 'DSB will shut down all PC servers. '?,"To 'DSB will shut down all PC servers. ', you would typically follow a project plan. Based on internal documentation, this task involves: DSB will shut down all PC servers. . Further details would be in the specific project plan document for 'SRDSB001 OS 7.4 and MQ 9.3 upgrade'"
3fd541f9-ed04-47b6-8535-8605a289e873,Can you tell me more about the task: 'Upload the V7R4 upgrade files to the image catalog named OS74 steps 22 through 37 . Done'?,The task 'Upload the V7R4 upgrade files to the image catalog named OS74 steps 22 through 37 . Done' is part of the 'SRDSB001 OS 7.4 and MQ 9.3 upgrade' project. It's a critical step in ensuring the system's updated state
ca532b3d-0401-4c17-8813-5b78df666de9,Can you tell me more about the task: 'Verify the server was upgraded successfully. '?,The task 'Verify the server was upgraded successfully. ' is part of the 'SRDSB001 OS 7.4 and MQ 9.3 upgrade' project. It's a critical step in ensuring the system's updated state
d0f0cc2c-5ae2-45ff-a1f5-e60353f78934,Can you tell me more about the task: 'Troubleshoot and remediate any issues. '?,The task 'Troubleshoot and remediate any issues. ' is part of the 'SRDSB001 OS 7.4 and MQ 9.3 upgrade' project. It's a critical step in ensuring the system's updated state
0ece272a-9e6b-40a3-9280-5f1affb06097,Can you tell me more about the task: 'DSB will start up all PC servers. '?,The task 'DSB will start up all PC servers. ' is part of the 'SRDSB001 OS 7.4 and MQ 9.3 upgrade' project. It's a critical step in ensuring the system's updated state
ba523914-63fe-46d4-8c49-99bf709b296a,Can you tell me more about the task: 'Upgrade the OS from V7R3 to V7R4 '?,The task 'Upgrade the OS from V7R3 to V7R4 ' is part of the 'SRDSB001 OS 7.4 and MQ 9.3 upgrade' project. It's a critical step in ensuring the system's updated state
aa929a35-7633-464a-9946-44a3bbdcf83a,Can you tell me more about the task: 'Prepare the server for the upgrade '?,The task 'Prepare the server for the upgrade ' is part of the 'SRDSB001 OS 7.4 and MQ 9.3 upgrade' project. It's a critical step in ensuring the system's updated state
f85172cc-e781-4371-b95a-58e432215d0a,Can you tell me more about the task: 'Upload the Licensec programs PTFs to the image catalog named JAVA Done'?,The task 'Upload the Licensec programs PTFs to the image catalog named JAVA Done' is part of the 'SRDSB001 OS 7.4 and MQ 9.3 upgrade' project. It's a critical step in ensuring the system's updated state
6f4f855f-254a-43a5-a20c-51baa8fd3870,Can you tell me more about the task: 'Upload the PTFs to the image catalog named PTF74 Done'?,The task 'Upload the PTFs to the image catalog named PTF74 Done' is part of the 'SRDSB001 OS 7.4 and MQ 9.3 upgrade' project. It's a critical step in ensuring the system's updated state
0305d464-081d-49e4-b5cd-914eebccfef5,Can you tell me more about the task: 'Load the PTFs onto the system '?,The task 'Load the PTFs onto the system ' is part of the 'SRDSB001 OS 7.4 and MQ 9.3 upgrade' project. It's a critical step in ensuring the system's updated state
50351e45-8dec-4882-b9a8-5bb1fd05a256,Can you tell me more about the task: 'Load the PTFs onto the system '?,The task 'Load the PTFs onto the system ' is part of the 'SRDSB001 OS 7.4 and MQ 9.3 upgrade' project. It's a critical step in ensuring the system's updated state
d0c46401-850b-47cb-b613-fe214d9aea0e,Can you tell me more about the task: 'Upload the PTFs to the image catalog named PTF73 Done'?,The task 'Upload the PTFs to the image catalog named PTF73 Done' is part of the 'SRDSB001 OS 7.4 and MQ 9.3 upgrade' project. It's a critical step in ensuring the system's updated state
953e94d5-964a-4704-a9ee-87fe1002c890,Can you tell me more about the task: 'IPL the LPAR to apply the PTFs '?,The task 'IPL the LPAR to apply the PTFs ' is part of the 'SRDSB001 OS 7.4 and MQ 9.3 upgrade' project. It's a critical step in ensuring the system's updated state
c5dfe310-cf89-4bf3-9ea6-1969557b81b4,Can you tell me more about the task: 'DSB will start up the application on the AS/400 '?,The task 'DSB will start up the application on the AS/400 ' is part of the 'SRDSB001 OS 7.4 and MQ 9.3 upgrade' project. It's a critical step in ensuring the system's updated state
592d03cf-897d-4224-b18f-ed8da897c400,Can you tell me more about the task: 'DSB will shut down all running application on the AS/400 '?,The task 'DSB will shut down all running application on the AS/400 ' is part of the 'SRDSB001 OS 7.4 and MQ 9.3 upgrade' project. It's a critical step in ensuring the system's updated state
23f7944b-3f2e-495e-9c83-b66e221366c3,Can you tell me more about the task: 'IPL the LPAR to apply the PTFs '?,The task 'IPL the LPAR to apply the PTFs ' is part of the 'SRDSB001 OS 7.4 and MQ 9.3 upgrade' project. It's a critical step in ensuring the system's updated state
140163a0-284f-48d7-b7c1-27ceec9d5e65,Can you tell me more about the task: 'DSB will shut down all PC servers. '?,The task 'DSB will shut down all PC servers. ' is part of the 'SRDSB001 OS 7.4 and MQ 9.3 upgrade' project. It's a critical step in ensuring the system's updated state
7d76bbf1-bc34-4c33-aa8f-489b648b5f49,How do I upgrade OS from V7R3 to V7R4?,"The OS upgrade from V7R3 to V7R4 involves several steps including early planning, application shutdown, and then the actual OS upgrade process. Ensure you verify the server was upgraded successfully and troubleshoot any issues"
f5dd110d-cb89-43c4-8ee5-d631287e829a,What is the process for loading and applying V7R4 PTFs?,"Loading and applying V7R4 PTFs involves uploading the PTFs to an image catalog (e.g., named JAVA or PTF74), loading them onto the system, and then performing an IPL of the LPAR to apply the PTFs"
22642650-4340-4969-97db-e0eb55ff6e29,How to troubleshoot issues during an OS upgrade?,"During an OS upgrade, common issues can arise. You need to troubleshoot and remediate any problems immediately after verifying the server upgrade. Refer to detailed logs and documentation for specific error messages"
1582c297-7b79-4d46-a2e9-cfb854d8f7ec,What is the status and description for Task B2: 'VIOS Firmware Upgrade'?,"Task B2, 'VIOS Firmware Upgrade', has a description: 'Upgrade to 3.1.4.31'. The current status is: Completed"
98606738-379e-4113-958b-567478fd42fe,Tell me about the 'VIOS Firmware Upgrade' task from Hakrinbank project,The 'VIOS Firmware Upgrade' task is part of the Hakrinbank OS Upgrades 2024 project. It involves 'Upgrade to 3.1.4.31'. Its current status is Completed
c6475214-4fc9-4f03-8f58-226590303785,How do I perform the 'VIOS Firmware Upgrade' task?,"To perform 'VIOS Firmware Upgrade', you need to 'Upgrade to 3.1.4.31'. Refer to the detailed project plan for precise steps and prerequisites. The current status of this task is Completed"
4e16545b-c81f-4c43-9a93-737f311ae79a,What is the status and description for Task B3: 'SAN Switches'?,"Task B3, 'SAN Switches', has a description: 'Upgrade to v.8.2.3e'. The current status is: Incomplete"
75c91d5b-13ce-4a6d-8276-05f347d16be7,Tell me about the 'SAN Switches' task from Hakrinbank project,The 'SAN Switches' task is part of the Hakrinbank OS Upgrades 2024 project. It involves 'Upgrade to v.8.2.3e'. Its current status is Incomplete
2a08feab-d8ae-4e05-be9e-234fa513ac6f,What is the status and description for Task B4: 'HMC Firmware Upgrade'?,"Task B4, 'HMC Firmware Upgrade', has a description: 'Upgrade HMC to 9.2.950.7'. The current status is: Incomplete"
26d13feb-2d68-429a-9ae3-0b7ddc970cbd,Tell me about the 'HMC Firmware Upgrade' task from Hakrinbank project,The 'HMC Firmware Upgrade' task is part of the Hakrinbank OS Upgrades 2024 project. It involves 'Upgrade HMC to 9.2.950.7'. Its current status is Incomplete
95c3ccd5-731c-43fa-8e1d-ccfc396b73c6,How do I perform the 'HMC Firmware Upgrade' task?,"To perform 'HMC Firmware Upgrade', you need to 'Upgrade HMC to 9.2.950.7'. Refer to the detailed project plan for precise steps and prerequisites. The current status of this task is Incomplete"
b7326900-a0e8-48ee-9e2b-aecf5c09c0c7,What is the status and description for Task B5: 'HMC Firmware Upgrade'?,"Task B5, 'HMC Firmware Upgrade', has a description: 'Upgrade HMC to 9.2.950.7'. The current status is: Incomplete"
452ba86d-3ff7-4ab6-9db0-4502d7783281,Tell me about the 'HMC Firmware Upgrade' task from Hakrinbank project,The 'HMC Firmware Upgrade' task is part of the Hakrinbank OS Upgrades 2024 project. It involves 'Upgrade HMC to 9.2.950.7'. Its current status is Incomplete
4cb2bd0c-c356-42f3-b17f-c5eebe9170ca,How do I perform the 'HMC Firmware Upgrade' task?,"To perform 'HMC Firmware Upgrade', you need to 'Upgrade HMC to 9.2.950.7'. Refer to the detailed project plan for precise steps and prerequisites. The current status of this task is Incomplete"
feea388c-37ab-4d06-b088-08aee9f2facf,What is the status and description for Task B6: 'SAN Switches'?,"Task B6, 'SAN Switches', has a description: 'Upgrade to v.8.2.3e'. The current status is: Incomplete"
78414fe6-2a05-419e-bb98-c5e27b7fad1c,Tell me about the 'SAN Switches' task from Hakrinbank project,The 'SAN Switches' task is part of the Hakrinbank OS Upgrades 2024 project. It involves 'Upgrade to v.8.2.3e'. Its current status is Incomplete
498d7c51-40e6-4ffe-94b4-d54f0d03fcbe,What is the status and description for Task B7: 'Download and upload PTF's to system.'?,"Task B7, 'Download and upload PTF's to system.', has a description: ''. The current status is: Incomplete"
cdf73e0c-aced-4711-a1aa-4a712ab0c8c6,Tell me about the 'Download and upload PTF's to system.' task from Hakrinbank project,The 'Download and upload PTF's to system.' task is part of the Hakrinbank OS Upgrades 2024 project. It involves ''. Its current status is Incomplete
2609b533-4167-49a3-a698-9fffc5921274,What is the status and description for Task B8: 'Upgrade LPAR 011 OS to version 7.4'?,"Task B8, 'Upgrade LPAR 011 OS to version 7.4', has a description: ''. The current status is: Incomplete"
a9edd9a4-6fff-4a92-bdcd-6df66ccb7db3,Tell me about the 'Upgrade LPAR 011 OS to version 7.4' task from Hakrinbank project,The 'Upgrade LPAR 011 OS to version 7.4' task is part of the Hakrinbank OS Upgrades 2024 project. It involves ''. Its current status is Incomplete
fa9557a2-8594-4cd8-8b8d-04e1c9b5cc93,How do I perform the 'Upgrade LPAR 011 OS to version 7.4' task?,"To perform 'Upgrade LPAR 011 OS to version 7.4', you need to ''. Refer to the detailed project plan for precise steps and prerequisites. The current status of this task is Incomplete"
b2902369-9395-4d21-a7c2-7f7cfd7e1671,What is the status and description for Task B9: 'Upgrade LPAR 065 OS to version 7.4'?,"Task B9, 'Upgrade LPAR 065 OS to version 7.4', has a description: ''. The current status is: Incomplete"
4131f512-e7db-46ac-b70a-d158ac1a2f26,Tell me about the 'Upgrade LPAR 065 OS to version 7.4' task from Hakrinbank project,The 'Upgrade LPAR 065 OS to version 7.4' task is part of the Hakrinbank OS Upgrades 2024 project. It involves ''. Its current status is Incomplete
43e3f9c5-12ac-4f23-a3d4-a1c4fbfdaaec,How do I perform the 'Upgrade LPAR 065 OS to version 7.4' task?,"To perform 'Upgrade LPAR 065 OS to version 7.4', you need to ''. Refer to the detailed project plan for precise steps and prerequisites. The current status of this task is Incomplete"
836b0adf-cccc-4c53-8a72-7bcd875fc32a,What is the status and description for Task B10: 'Upgrade LPAR 066 OS to version 7.4'?,"Task B10, 'Upgrade LPAR 066 OS to version 7.4', has a description: ''. The current status is: Incomplete"
0bf3d718-58e6-46ee-96d5-4be028978f6f,Tell me about the 'Upgrade LPAR 066 OS to version 7.4' task from Hakrinbank project,The 'Upgrade LPAR 066 OS to version 7.4' task is part of the Hakrinbank OS Upgrades 2024 project. It involves ''. Its current status is Incomplete
c1e1bf98-777b-4deb-aa0f-f27ec4be182f,How do I perform the 'Upgrade LPAR 066 OS to version 7.4' task?,"To perform 'Upgrade LPAR 066 OS to version 7.4', you need to ''. Refer to the detailed project plan for precise steps and prerequisites. The current status of this task is Incomplete"
a0e1df58-c66e-44cc-ac03-da8abf1a58df,What is the status and description for Task B11: 'Upgrade LPAR (DR) OS to version 7.4'?,"Task B11, 'Upgrade LPAR (DR) OS to version 7.4', has a description: ''. The current status is: Incomplete"
320f413b-ad56-4b26-9bd3-b041dc440e86,Tell me about the 'Upgrade LPAR (DR) OS to version 7.4' task from Hakrinbank project,The 'Upgrade LPAR (DR) OS to version 7.4' task is part of the Hakrinbank OS Upgrades 2024 project. It involves ''. Its current status is Incomplete
3e50f50b-7fb7-424b-8f0f-8600a218fe77,How do I perform the 'Upgrade LPAR (DR) OS to version 7.4' task?,"To perform 'Upgrade LPAR (DR) OS to version 7.4', you need to ''. Refer to the detailed project plan for precise steps and prerequisites. The current status of this task is Incomplete"
c5b39951-0897-48a4-a212-2d0046fccf09,What is the status and description for Task B12: 'Upgrade LPAR (Prod OS to version 7.4'?,"Task B12, 'Upgrade LPAR (Prod OS to version 7.4', has a description: ''. The current status is: Incomplete"
25997b8a-fbfc-4d77-b19a-815ff477709d,Tell me about the 'Upgrade LPAR (Prod OS to version 7.4' task from Hakrinbank project,The 'Upgrade LPAR (Prod OS to version 7.4' task is part of the Hakrinbank OS Upgrades 2024 project. It involves ''. Its current status is Incomplete
897a69e3-c5bd-4113-874c-50a815f68e64,How do I perform the 'Upgrade LPAR (Prod OS to version 7.4' task?,"To perform 'Upgrade LPAR (Prod OS to version 7.4', you need to ''. Refer to the detailed project plan for precise steps and prerequisites. The current status of this task is Incomplete"
e81826fd-e9a0-41cd-9b02-4fa5c4384d61,What is the status and description for Task B13: 'Build out LPAR WEBIP and retreive physical WWPNs'?,"Task B13, 'Build out LPAR WEBIP and retreive physical WWPNs', has a description: ''. The current status is: Incomplete"
88dc2505-daff-43ec-9c1a-8972cbd554ba,Tell me about the 'Build out LPAR WEBIP and retreive physical WWPNs' task from Hakrinbank project,The 'Build out LPAR WEBIP and retreive physical WWPNs' task is part of the Hakrinbank OS Upgrades 2024 project. It involves ''. Its current status is Incomplete
1349de34-9dc0-4d3d-ba98-7566b7e46c05,What is the status and description for Task B14: 'Create and Assign volumes'?,"Task B14, 'Create and Assign volumes', has a description: ''. The current status is: Incomplete"
392653e0-3cf4-4c63-82a9-d6902377b76f,Tell me about the 'Create and Assign volumes' task from Hakrinbank project,The 'Create and Assign volumes' task is part of the Hakrinbank OS Upgrades 2024 project. It involves ''. Its current status is Incomplete
574ae6bd-9797-4c6b-8622-b858df969ff6,What is the status and description for Task B15: 'Test and verify LPAR WEBIP'?,"Task B15, 'Test and verify LPAR WEBIP', has a description: ''. The current status is: Incomplete"
4c58d74c-05c4-443d-9606-393cff3859cf,Tell me about the 'Test and verify LPAR WEBIP' task from Hakrinbank project,The 'Test and verify LPAR WEBIP' task is part of the Hakrinbank OS Upgrades 2024 project. It involves ''. Its current status is Incomplete
26c2d43e-13ae-45f1-98bb-71bf9f2a10ae,What is the status and description for Task B16: 'Implement VM Recovery Manager'?,"Task B16, 'Implement VM Recovery Manager', has a description: ''. The current status is: Incomplete"
b0dbd7bd-6b21-4ce6-b3ef-329b5c156780,Tell me about the 'Implement VM Recovery Manager' task from Hakrinbank project,The 'Implement VM Recovery Manager' task is part of the Hakrinbank OS Upgrades 2024 project. It involves ''. Its current status is Incomplete
b257cc17-c00c-4ec9-803e-46354b9513db,What is the status and description for Task B17: 'Upgrade production AS400 firmwares and OS 7.4'?,"Task B17, 'Upgrade production AS400 firmwares and OS 7.4', has a description: ''. The current status is: Incomplete"
8ed3b7f9-607e-4b5a-8a58-61a5c3d65992,Tell me about the 'Upgrade production AS400 firmwares and OS 7.4' task from Hakrinbank project,The 'Upgrade production AS400 firmwares and OS 7.4' task is part of the Hakrinbank OS Upgrades 2024 project. It involves ''. Its current status is Incomplete
0e526941-6482-4e89-a3a1-fc947974da81,How do I perform the 'Upgrade production AS400 firmwares and OS 7.4' task?,"To perform 'Upgrade production AS400 firmwares and OS 7.4', you need to ''. Refer to the detailed project plan for precise steps and prerequisites. The current status of this task is Incomplete"
4bcae0b8-6103-4bf0-b842-60eaba8aa5c4,What does a BMC access problem indicate on a 7063-CR1?,"A BMC access problem on a 7063-CR1 means there's an issue with connecting to the Baseboard Management Controller. Troubleshooting typically involves checking network connectivity, BMC status, and potentially restarting the BMC"
f0701d8f-be65-4fb2-aef8-1e6fc12bc4ff,How to resolve a system firmware boot failure on a Power10 server?,"Resolving a system firmware boot failure usually requires checking the system console for error messages, verifying recent changes, and potentially using the HMC to initiate firmware recovery or diagnostics"
90878534-190e-44fc-838b-6e8278eb2573,What are common causes for a power problem on an IBM 7063-CR1?,"Common causes for power problems on an IBM 7063-CR1 include faulty power supply units, improper power cabling, issues with the power source, or internal component failures. Always check power supply indicators and log entries first"
d25b7237-b30b-4695-b857-74a222e497db,How to identify a service action using system event logs for 7063-CR1?,"To identify a service action using system event logs for 7063-CR1, you should look for FQPSPxxxxxxx events and specific service action keywords within the logs. These entries will guide you to the required action"
8d19e999-d19a-4205-acf8-cf8713b594cb,What are the initial steps for installing a new HMC with a new server?,"Initial steps for installing a new HMC with a new server typically involve rack mounting the HMC, connecting network cables, configuring initial network settings, and then connecting to the server for management"
fcc733b4-e327-4c6a-829d-c08f69369a75,How do I update and upgrade my HMC code?,"Updating and upgrading HMC code involves downloading the necessary machine code updates, uploading them to the HMC, and then initiating the update process through the HMC interface. Always review the README for specific instructions and prerequisites"
121a5743-c583-4a25-98da-2e8a67444ff7,What network settings are important when configuring an HMC?,"When configuring an HMC, crucial network settings include IP address, subnet mask, gateway, DNS servers, and ensuring proper firewall rules are in place for communication with managed systems and other network devices"
af8dcded-077e-45de-9d02-2af2628fcf84,Can you explain NPIV configuration for PowerVM LPARs?,"NPIV (N-Port ID Virtualization) allows a single Fibre Channel host bus adapter (HBA) port to register multiple N_Port IDs with a Fibre Channel switch, enabling virtual Fibre Channel adapters in LPARs to have their own unique worldwide port names (WWPNs) and access storage directly. Configuration involves virtual I/O server (VIOS) setup and client LPAR configuration"
763f7bd6-667b-48b0-8dbc-20b59a0f2594,What are the initial steps for installing a new HMC with a new server?,"Initial steps for installing a new HMC with a new server typically involve rack mounting the HMC, connecting network cables, configuring initial network settings, and then connecting to the server for management"
f5d8f0a8-f91b-45c3-a63f-1e79e6cd3faf,How do I update and upgrade my HMC code?,"Updating and upgrading HMC code involves downloading the necessary machine code updates, uploading them to the HMC, and then initiating the update process through the HMC interface. Always review the README for specific instructions and prerequisites"
1586c618-aa4a-48c5-a7d0-932d4bb09191,What network settings are important when configuring an HMC?,"When configuring an HMC, crucial network settings include IP address, subnet mask, gateway, DNS servers, and ensuring proper firewall rules are in place for communication with managed systems and other network devices"
cde59737-35a8-47f7-8a90-4840f3b29631,Can you explain NPIV configuration for PowerVM LPARs?,"NPIV (N-Port ID Virtualization) allows a single Fibre Channel host bus adapter (HBA) port to register multiple N_Port IDs with a Fibre Channel switch, enabling virtual Fibre Channel adapters in LPARs to have their own unique worldwide port names (WWPNs) and access storage directly. Configuration involves virtual I/O server (VIOS) setup and client LPAR configuration"
ecc45bc7-875a-4866-9c83-f571b15f4310,What does error code 'FLASH_SYS_0088' on a FlashSystem mean?,Error code 'FLASH_SYS_0088' generally indicates a storage array issue. Check the event logs for more details and consult the FlashSystem troubleshooting guide. Common initial steps include checking cable connections or re-seating components
30c10722-5ca0-4b37-8c8a-4ddd8e729d01,My Power server is showing a 'SVC_ERR_89' error. How do I proceed?,"An 'SVC_ERR_89' on a Power server typically points to a memory fault. First, check the HMC logs for more specific error details. Then, attempt a graceful shutdown and restart if possible, or contact IBM support with the full error code"
58c40f60-04e9-4659-81c9-778e24bd38fb,What is the first step in a typical IBM Power server OS upgrade?,"The very first step in a typical IBM Power server OS upgrade is usually a thorough pre-upgrade health check of the system, including backups, verifying hardware compatibility, and reviewing the upgrade plan for dependencies"
0bea987e-4b22-456f-bbdd-d265e932dd87,How do I confirm a successful firmware upgrade on a SAN switch?,"To confirm a successful firmware upgrade on a SAN switch, you should check the switch's CLI or GUI for the new firmware version, verify port status, and ensure all connected devices are communicating correctly. Review the upgrade logs for any warnings or errors"
2db17059-6eed-487f-8081-b44f6cab83f5,What is a PTF in the context of IBM i or AIX?,"PTF stands for Program Temporary Fix. It's a package of fixes, enhancements, or new functions for licensed programs on IBM i (AS/400) or AIX operating systems"
00f6b6cf-ddcc-4775-95d6-c9dd18c8afa0,What is the role of an HMC in an IBM Power environment?,"An HMC (Hardware Management Console) is a dedicated system that manages and controls IBM Power Systems servers. It allows you to configure, manage, and monitor LPARs (Logical Partitions), virtual I/O servers (VIOS), and system firmware"
22f5b0c1-2621-4a83-bc1c-30b768a3027a,What are the best practices for SAN zoning with IBM FlashSystem?,"Best practices for SAN zoning with IBM FlashSystem typically include single-initiator, single-target zoning for each Fibre Channel port, using port-based zoning, and ensuring consistent zoning across all connected switches for redundancy and performance"
e8e83046-1fd7-40f8-8344-ec852459e6e0,What does error code 'FLASH_SYS_0095' on a FlashSystem mean?,Error code 'FLASH_SYS_0095' generally indicates a network issue. Check the event logs for more details and consult the FlashSystem troubleshooting guide. Common initial steps include checking cable connections or re-seating components
13a284b1-56d8-42f8-8f90-b65a36c7e603,My Power server is showing a 'SVC_ERR_96' error. How do I proceed?,"An 'SVC_ERR_96' on a Power server typically points to a service processor fault. First, check the HMC logs for more specific error details. Then, attempt a graceful shutdown and restart if possible, or contact IBM support with the full error code"
1b7f6940-3bac-43fd-84e8-a49c5b2141eb,What is the first step in a typical IBM Power server OS upgrade?,"The very first step in a typical IBM Power server OS upgrade is usually a thorough pre-upgrade health check of the system, including backups, verifying hardware compatibility, and reviewing the upgrade plan for dependencies"
987e4b7e-beab-4208-b3b8-93ba153a7bc3,How do I confirm a successful firmware upgrade on a SAN switch?,"To confirm a successful firmware upgrade on a SAN switch, you should check the switch's CLI or GUI for the new firmware version, verify port status, and ensure all connected devices are communicating correctly. Review the upgrade logs for any warnings or errors"
0d52c1d4-7cb1-4218-9b73-73de436facb2,What is a PTF in the context of IBM i or AIX?,"PTF stands for Program Temporary Fix. It's a package of fixes, enhancements, or new functions for licensed programs on IBM i (AS/400) or AIX operating systems"
387158a9-1ca8-45bb-aa5b-f0706ca35575,What is the role of an HMC in an IBM Power environment?,"An HMC (Hardware Management Console) is a dedicated system that manages and controls IBM Power Systems servers. It allows you to configure, manage, and monitor LPARs (Logical Partitions), virtual I/O servers (VIOS), and system firmware"
e29409d2-2ea2-4b56-b2d5-4f1478cfcd0d,What are the best practices for SAN zoning with IBM FlashSystem?,"Best practices for SAN zoning with IBM FlashSystem typically include single-initiator, single-target zoning for each Fibre Channel port, using port-based zoning, and ensuring consistent zoning across all connected switches for redundancy and performance"
e0d276e0-56d8-4bf3-a192-0d22925efae0,What does error code 'FLASH_SYS_002' on a FlashSystem mean?,Error code 'FLASH_SYS_002' generally indicates a drive issue. Check the event logs for more details and consult the FlashSystem troubleshooting guide. Common initial steps include checking cable connections or re-seating components
fa3f4e21-d024-409d-b4b2-14198513f1ac,My Power server is showing a 'SVC_ERR_3' error. How do I proceed?,"An 'SVC_ERR_3' on a Power server typically points to a firmware fault. First, check the HMC logs for more specific error details. Then, attempt a graceful shutdown and restart if possible, or contact IBM support with the full error code"
273e79a3-a44c-47f1-8070-fd22c4c3c194,What is the first step in a typical IBM Power server OS upgrade?,"The very first step in a typical IBM Power server OS upgrade is usually a thorough pre-upgrade health check of the system, including backups, verifying hardware compatibility, and reviewing the upgrade plan for dependencies"
d7f785e8-eb50-4f34-9dc5-21df40118315,How do I confirm a successful firmware upgrade on a SAN switch?,"To confirm a successful firmware upgrade on a SAN switch, you should check the switch's CLI or GUI for the new firmware version, verify port status, and ensure all connected devices are communicating correctly. Review the upgrade logs for any warnings or errors"
06cdc775-2718-4354-94eb-c5479c43abdd,What is a PTF in the context of IBM i or AIX?,"PTF stands for Program Temporary Fix. It's a package of fixes, enhancements, or new functions for licensed programs on IBM i (AS/400) or AIX operating systems"
e10020c8-70cc-477b-84e5-c4653cb5a34d,What is the role of an HMC in an IBM Power environment?,"An HMC (Hardware Management Console) is a dedicated system that manages and controls IBM Power Systems servers. It allows you to configure, manage, and monitor LPARs (Logical Partitions), virtual I/O servers (VIOS), and system firmware"
9349b6d2-216e-4ed9-b8cc-e0d1bf5dbe06,What are the best practices for SAN zoning with IBM FlashSystem?,"Best practices for SAN zoning with IBM FlashSystem typically include single-initiator, single-target zoning for each Fibre Channel port, using port-based zoning, and ensuring consistent zoning across all connected switches for redundancy and performance"
5b74f2ba-b7b1-45cb-b748-c20cf4bc7dc1,What does error code 'FLASH_SYS_009' on a FlashSystem mean?,Error code 'FLASH_SYS_009' generally indicates a controller issue. Check the event logs for more details and consult the FlashSystem troubleshooting guide. Common initial steps include checking cable connections or re-seating components
f4e08179-8a54-4362-97a3-ce0113b7cd73,My Power server is showing a 'SVC_ERR_10' error. How do I proceed?,"An 'SVC_ERR_10' on a Power server typically points to a CPU fault. First, check the HMC logs for more specific error details. Then, attempt a graceful shutdown and restart if possible, or contact IBM support with the full error code"
ef4c3261-17e9-48ed-8953-95fdcc1c98d5,What is the first step in a typical IBM Power server OS upgrade?,"The very first step in a typical IBM Power server OS upgrade is usually a thorough pre-upgrade health check of the system, including backups, verifying hardware compatibility, and reviewing the upgrade plan for dependencies"
0cac5bca-3f8f-42cd-8e5c-058e352024c7,How do I confirm a successful firmware upgrade on a SAN switch?,"To confirm a successful firmware upgrade on a SAN switch, you should check the switch's CLI or GUI for the new firmware version, verify port status, and ensure all connected devices are communicating correctly. Review the upgrade logs for any warnings or errors"
3519121f-954d-4009-a345-eb319d8ae84f,What is a PTF in the context of IBM i or AIX?,"PTF stands for Program Temporary Fix. It's a package of fixes, enhancements, or new functions for licensed programs on IBM i (AS/400) or AIX operating systems"
849aca5c-3ce3-4aeb-a3c7-48abc2821030,What is the role of an HMC in an IBM Power environment?,"An HMC (Hardware Management Console) is a dedicated system that manages and controls IBM Power Systems servers. It allows you to configure, manage, and monitor LPARs (Logical Partitions), virtual I/O servers (VIOS), and system firmware"
904d1286-ec27-402f-8abe-619538f8e62d,What are the best practices for SAN zoning with IBM FlashSystem?,"Best practices for SAN zoning with IBM FlashSystem typically include single-initiator, single-target zoning for each Fibre Channel port, using port-based zoning, and ensuring consistent zoning across all connected switches for redundancy and performance"
e7977d76-2697-4631-8d96-2c0efc1f6464,What does error code 'FLASH_SYS_0016' on a FlashSystem mean?,Error code 'FLASH_SYS_0016' generally indicates a storage array issue. Check the event logs for more details and consult the FlashSystem troubleshooting guide. Common initial steps include checking cable connections or re-seating components
2f5cd27a-ea38-40b9-bd4b-464de9b8f0f1,My Power server is showing a 'SVC_ERR_17' error. How do I proceed?,"An 'SVC_ERR_17' on a Power server typically points to a memory fault. First, check the HMC logs for more specific error details. Then, attempt a graceful shutdown and restart if possible, or contact IBM support with the full error code"
b77ba0ae-51be-4f50-abcb-dde8b7518d79,What is the first step in a typical IBM Power server OS upgrade?,"The very first step in a typical IBM Power server OS upgrade is usually a thorough pre-upgrade health check of the system, including backups, verifying hardware compatibility, and reviewing the upgrade plan for dependencies"
b7a1ee07-df15-45bf-bf03-625566e94a63,How do I confirm a successful firmware upgrade on a SAN switch?,"To confirm a successful firmware upgrade on a SAN switch, you should check the switch's CLI or GUI for the new firmware version, verify port status, and ensure all connected devices are communicating correctly. Review the upgrade logs for any warnings or errors"
8e651234-9a91-4107-b18a-6b6dc736d346,What is a PTF in the context of IBM i or AIX?,"PTF stands for Program Temporary Fix. It's a package of fixes, enhancements, or new functions for licensed programs on IBM i (AS/400) or AIX operating systems"
d4c03e45-5337-4faf-a692-522b33d681ff,What is the role of an HMC in an IBM Power environment?,"An HMC (Hardware Management Console) is a dedicated system that manages and controls IBM Power Systems servers. It allows you to configure, manage, and monitor LPARs (Logical Partitions), virtual I/O servers (VIOS), and system firmware"
70684fd8-ef86-4cf0-b0a2-af1445d35292,What are the best practices for SAN zoning with IBM FlashSystem?,"Best practices for SAN zoning with IBM FlashSystem typically include single-initiator, single-target zoning for each Fibre Channel port, using port-based zoning, and ensuring consistent zoning across all connected switches for redundancy and performance"
f2483891-fc9e-4d2b-9dcd-81c7418e9880,What does error code 'FLASH_SYS_0023' on a FlashSystem mean?,Error code 'FLASH_SYS_0023' generally indicates a network issue. Check the event logs for more details and consult the FlashSystem troubleshooting guide. Common initial steps include checking cable connections or re-seating components
e4124e63-6901-4316-9787-e8bc39a98df3,My Power server is showing a 'SVC_ERR_24' error. How do I proceed?,"An 'SVC_ERR_24' on a Power server typically points to a service processor fault. First, check the HMC logs for more specific error details. Then, attempt a graceful shutdown and restart if possible, or contact IBM support with the full error code"
9826240b-0273-4982-9d92-1a827eab7230,What is the first step in a typical IBM Power server OS upgrade?,"The very first step in a typical IBM Power server OS upgrade is usually a thorough pre-upgrade health check of the system, including backups, verifying hardware compatibility, and reviewing the upgrade plan for dependencies"
9b2dc5f1-a193-4a72-8497-57cf4ae86b61,How do I confirm a successful firmware upgrade on a SAN switch?,"To confirm a successful firmware upgrade on a SAN switch, you should check the switch's CLI or GUI for the new firmware version, verify port status, and ensure all connected devices are communicating correctly. Review the upgrade logs for any warnings or errors"
e2bc2350-87ea-4599-a8f3-b53125a81da2,What is a PTF in the context of IBM i or AIX?,"PTF stands for Program Temporary Fix. It's a package of fixes, enhancements, or new functions for licensed programs on IBM i (AS/400) or AIX operating systems"
04cbfe1e-c86d-4f7a-9eec-03b1b8ebd028,What is the role of an HMC in an IBM Power environment?,"An HMC (Hardware Management Console) is a dedicated system that manages and controls IBM Power Systems servers. It allows you to configure, manage, and monitor LPARs (Logical Partitions), virtual I/O servers (VIOS), and system firmware"
def29261-1b21-4e46-8c33-e3ea6d4883dc,What are the best practices for SAN zoning with IBM FlashSystem?,"Best practices for SAN zoning with IBM FlashSystem typically include single-initiator, single-target zoning for each Fibre Channel port, using port-based zoning, and ensuring consistent zoning across all connected switches for redundancy and performance"
3d8b8c9b-46ef-482f-9471-d868701c8335,What does error code 'FLASH_SYS_0030' on a FlashSystem mean?,Error code 'FLASH_SYS_0030' generally indicates a drive issue. Check the event logs for more details and consult the FlashSystem troubleshooting guide. Common initial steps include checking cable connections or re-seating components
a95eca23-683d-4786-8895-cbaaf11f8b90,My Power server is showing a 'SVC_ERR_31' error. How do I proceed?,"An 'SVC_ERR_31' on a Power server typically points to a firmware fault. First, check the HMC logs for more specific error details. Then, attempt a graceful shutdown and restart if possible, or contact IBM support with the full error code"
42cb8db5-c37f-4341-8637-74a8e8c37b9f,What is the first step in a typical IBM Power server OS upgrade?,"The very first step in a typical IBM Power server OS upgrade is usually a thorough pre-upgrade health check of the system, including backups, verifying hardware compatibility, and reviewing the upgrade plan for dependencies"
f630466b-4edf-4037-8ad5-82bd4f246403,How do I confirm a successful firmware upgrade on a SAN switch?,"To confirm a successful firmware upgrade on a SAN switch, you should check the switch's CLI or GUI for the new firmware version, verify port status, and ensure all connected devices are communicating correctly. Review the upgrade logs for any warnings or errors"
3b02e4ac-82d7-445e-a2ea-4e21c6c78a34,What is a PTF in the context of IBM i or AIX?,"PTF stands for Program Temporary Fix. It's a package of fixes, enhancements, or new functions for licensed programs on IBM i (AS/400) or AIX operating systems"
bfb244b9-7cb6-42c8-aa51-33f5c76cddce,What is the role of an HMC in an IBM Power environment?,"An HMC (Hardware Management Console) is a dedicated system that manages and controls IBM Power Systems servers. It allows you to configure, manage, and monitor LPARs (Logical Partitions), virtual I/O servers (VIOS), and system firmware"
5f429b1f-1d6c-4b55-9e7a-c6db63a333c2,What are the best practices for SAN zoning with IBM FlashSystem?,"Best practices for SAN zoning with IBM FlashSystem typically include single-initiator, single-target zoning for each Fibre Channel port, using port-based zoning, and ensuring consistent zoning across all connected switches for redundancy and performance"
d4996311-c8f5-40dc-9ceb-b784991a93d9,What does error code 'FLASH_SYS_0037' on a FlashSystem mean?,Error code 'FLASH_SYS_0037' generally indicates a controller issue. Check the event logs for more details and consult the FlashSystem troubleshooting guide. Common initial steps include checking cable connections or re-seating components
6fc11fc7-7160-4b47-bb1c-83112a24b8c9,My Power server is showing a 'SVC_ERR_38' error. How do I proceed?,"An 'SVC_ERR_38' on a Power server typically points to a CPU fault. First, check the HMC logs for more specific error details. Then, attempt a graceful shutdown and restart if possible, or contact IBM support with the full error code"
f21e00ad-8e67-491c-bebe-2a8847b38f48,What is the first step in a typical IBM Power server OS upgrade?,"The very first step in a typical IBM Power server OS upgrade is usually a thorough pre-upgrade health check of the system, including backups, verifying hardware compatibility, and reviewing the upgrade plan for dependencies"
d03ffb49-e83e-4f08-82eb-3d6990b49d95,How do I confirm a successful firmware upgrade on a SAN switch?,"To confirm a successful firmware upgrade on a SAN switch, you should check the switch's CLI or GUI for the new firmware version, verify port status, and ensure all connected devices are communicating correctly. Review the upgrade logs for any warnings or errors"
2c825c48-06d8-44f6-bea5-26ee3f1cf4d9,What is a PTF in the context of IBM i or AIX?,"PTF stands for Program Temporary Fix. It's a package of fixes, enhancements, or new functions for licensed programs on IBM i (AS/400) or AIX operating systems"
a30c4805-4a77-4786-8c95-cbce330d8bf4,What is the role of an HMC in an IBM Power environment?,"An HMC (Hardware Management Console) is a dedicated system that manages and controls IBM Power Systems servers. It allows you to configure, manage, and monitor LPARs (Logical Partitions), virtual I/O servers (VIOS), and system firmware"
bc441834-13de-466c-9ba5-de15aa35dbb6,What are the best practices for SAN zoning with IBM FlashSystem?,"Best practices for SAN zoning with IBM FlashSystem typically include single-initiator, single-target zoning for each Fibre Channel port, using port-based zoning, and ensuring consistent zoning across all connected switches for redundancy and performance"
36bb7698-6396-447e-bd2c-7c398c0dfed5,What does error code 'FLASH_SYS_0044' on a FlashSystem mean?,Error code 'FLASH_SYS_0044' generally indicates a storage array issue. Check the event logs for more details and consult the FlashSystem troubleshooting guide. Common initial steps include checking cable connections or re-seating components
c879ee01-6a93-4954-b5d9-49f95e4669e5,My Power server is showing a 'SVC_ERR_45' error. How do I proceed?,"An 'SVC_ERR_45' on a Power server typically points to a memory fault. First, check the HMC logs for more specific error details. Then, attempt a graceful shutdown and restart if possible, or contact IBM support with the full error code"
3b26603a-2dfb-474b-97df-654bf2cc7c60,What is the first step in a typical IBM Power server OS upgrade?,"The very first step in a typical IBM Power server OS upgrade is usually a thorough pre-upgrade health check of the system, including backups, verifying hardware compatibility, and reviewing the upgrade plan for dependencies"
f9206e91-474a-49ee-ad81-037fc438d281,How do I confirm a successful firmware upgrade on a SAN switch?,"To confirm a successful firmware upgrade on a SAN switch, you should check the switch's CLI or GUI for the new firmware version, verify port status, and ensure all connected devices are communicating correctly. Review the upgrade logs for any warnings or errors"
941e9ba3-5700-41b4-b425-400221a99f29,What is a PTF in the context of IBM i or AIX?,"PTF stands for Program Temporary Fix. It's a package of fixes, enhancements, or new functions for licensed programs on IBM i (AS/400) or AIX operating systems"
4f7ec51f-baaa-4ee7-97dd-8863ff4fc517,What is the role of an HMC in an IBM Power environment?,"An HMC (Hardware Management Console) is a dedicated system that manages and controls IBM Power Systems servers. It allows you to configure, manage, and monitor LPARs (Logical Partitions), virtual I/O servers (VIOS), and system firmware"
c6800973-5261-41af-a100-9b83f00283a5,What are the best practices for SAN zoning with IBM FlashSystem?,"Best practices for SAN zoning with IBM FlashSystem typically include single-initiator, single-target zoning for each Fibre Channel port, using port-based zoning, and ensuring consistent zoning across all connected switches for redundancy and performance"
9f4cd42f-761f-487c-9b8e-8883deca04f4,What does error code 'FLASH_SYS_0051' on a FlashSystem mean?,Error code 'FLASH_SYS_0051' generally indicates a network issue. Check the event logs for more details and consult the FlashSystem troubleshooting guide. Common initial steps include checking cable connections or re-seating components
879e85a1-73f5-406b-8590-ef23c0d0d8a1,My Power server is showing a 'SVC_ERR_52' error. How do I proceed?,"An 'SVC_ERR_52' on a Power server typically points to a service processor fault. First, check the HMC logs for more specific error details. Then, attempt a graceful shutdown and restart if possible, or contact IBM support with the full error code"
316b2a97-4b68-449a-9c4d-e631a9d0d30c,What is the first step in a typical IBM Power server OS upgrade?,"The very first step in a typical IBM Power server OS upgrade is usually a thorough pre-upgrade health check of the system, including backups, verifying hardware compatibility, and reviewing the upgrade plan for dependencies"
b32768e8-7c86-4e75-a195-403b083605e4,How do I confirm a successful firmware upgrade on a SAN switch?,"To confirm a successful firmware upgrade on a SAN switch, you should check the switch's CLI or GUI for the new firmware version, verify port status, and ensure all connected devices are communicating correctly. Review the upgrade logs for any warnings or errors"
c5650a37-fd95-4a1e-aaa5-0520c669ee5c,What is a PTF in the context of IBM i or AIX?,"PTF stands for Program Temporary Fix. It's a package of fixes, enhancements, or new functions for licensed programs on IBM i (AS/400) or AIX operating systems"
4a976bbb-ba74-4528-8fb6-5c4bb8a5d0ed,What is the role of an HMC in an IBM Power environment?,"An HMC (Hardware Management Console) is a dedicated system that manages and controls IBM Power Systems servers. It allows you to configure, manage, and monitor LPARs (Logical Partitions), virtual I/O servers (VIOS), and system firmware"
27d9a231-5ca1-466a-b565-5ca2e0c8f1fb,What are the best practices for SAN zoning with IBM FlashSystem?,"Best practices for SAN zoning with IBM FlashSystem typically include single-initiator, single-target zoning for each Fibre Channel port, using port-based zoning, and ensuring consistent zoning across all connected switches for redundancy and performance"
8906bf1a-d651-46ec-b5c0-9d9a22c9c55d,What does error code 'FLASH_SYS_0058' on a FlashSystem mean?,Error code 'FLASH_SYS_0058' generally indicates a drive issue. Check the event logs for more details and consult the FlashSystem troubleshooting guide. Common initial steps include checking cable connections or re-seating components
476666f1-4402-4d72-90cd-ea443df6b983,My Power server is showing a 'SVC_ERR_59' error. How do I proceed?,"An 'SVC_ERR_59' on a Power server typically points to a firmware fault. First, check the HMC logs for more specific error details. Then, attempt a graceful shutdown and restart if possible, or contact IBM support with the full error code"
d6c2ca56-e92d-4e4f-ac58-2e2aa2b31152,What is the first step in a typical IBM Power server OS upgrade?,"The very first step in a typical IBM Power server OS upgrade is usually a thorough pre-upgrade health check of the system, including backups, verifying hardware compatibility, and reviewing the upgrade plan for dependencies"
1d05c633-0f8d-4333-b1d6-0dddafba9211,How do I confirm a successful firmware upgrade on a SAN switch?,"To confirm a successful firmware upgrade on a SAN switch, you should check the switch's CLI or GUI for the new firmware version, verify port status, and ensure all connected devices are communicating correctly. Review the upgrade logs for any warnings or errors"
4b2effdd-094b-43f9-8900-d36513276e03,What is a PTF in the context of IBM i or AIX?,"PTF stands for Program Temporary Fix. It's a package of fixes, enhancements, or new functions for licensed programs on IBM i (AS/400) or AIX operating systems"
167a41af-0924-47c7-a96a-0fc4227e92f8,What is the role of an HMC in an IBM Power environment?,"An HMC (Hardware Management Console) is a dedicated system that manages and controls IBM Power Systems servers. It allows you to configure, manage, and monitor LPARs (Logical Partitions), virtual I/O servers (VIOS), and system firmware"
71f33247-85e5-4d32-b862-ee79516d0edc,What are the best practices for SAN zoning with IBM FlashSystem?,"Best practices for SAN zoning with IBM FlashSystem typically include single-initiator, single-target zoning for each Fibre Channel port, using port-based zoning, and ensuring consistent zoning across all connected switches for redundancy and performance"
834b71c9-6715-4173-b2ff-8870a0aab6d1,What does error code 'FLASH_SYS_0065' on a FlashSystem mean?,Error code 'FLASH_SYS_0065' generally indicates a controller issue. Check the event logs for more details and consult the FlashSystem troubleshooting guide. Common initial steps include checking cable connections or re-seating components
fe0bd7bb-908b-4a8d-a5ba-5eb98dc31d96,My Power server is showing a 'SVC_ERR_66' error. How do I proceed?,"An 'SVC_ERR_66' on a Power server typically points to a CPU fault. First, check the HMC logs for more specific error details. Then, attempt a graceful shutdown and restart if possible, or contact IBM support with the full error code"
ec2801d4-7d83-4b98-922f-350fcd4b6f5c,What is the first step in a typical IBM Power server OS upgrade?,"The very first step in a typical IBM Power server OS upgrade is usually a thorough pre-upgrade health check of the system, including backups, verifying hardware compatibility, and reviewing the upgrade plan for dependencies"
bf82abc3-d886-4bec-8265-91a2f89053a1,How do I confirm a successful firmware upgrade on a SAN switch?,"To confirm a successful firmware upgrade on a SAN switch, you should check the switch's CLI or GUI for the new firmware version, verify port status, and ensure all connected devices are communicating correctly. Review the upgrade logs for any warnings or errors"
4db90b1e-85d3-4afb-b605-058ae5d2b911,What is a PTF in the context of IBM i or AIX?,"PTF stands for Program Temporary Fix. It's a package of fixes, enhancements, or new functions for licensed programs on IBM i (AS/400) or AIX operating systems"
8a1160d7-ec4a-4ee2-9d7b-6ea64983e12c,What is the role of an HMC in an IBM Power environment?,"An HMC (Hardware Management Console) is a dedicated system that manages and controls IBM Power Systems servers. It allows you to configure, manage, and monitor LPARs (Logical Partitions), virtual I/O servers (VIOS), and system firmware"
481db125-05b0-482f-afe2-ecf3e60c471e,What are the best practices for SAN zoning with IBM FlashSystem?,"Best practices for SAN zoning with IBM FlashSystem typically include single-initiator, single-target zoning for each Fibre Channel port, using port-based zoning, and ensuring consistent zoning across all connected switches for redundancy and performance"
46f91aeb-5139-4489-b29c-c02f9a44f22b,What does error code 'FLASH_SYS_0072' on a FlashSystem mean?,Error code 'FLASH_SYS_0072' generally indicates a storage array issue. Check the event logs for more details and consult the FlashSystem troubleshooting guide. Common initial steps include checking cable connections or re-seating components
c8f9dd08-02d9-49ce-92e7-dcfdd3b95cd9,My Power server is showing a 'SVC_ERR_73' error. How do I proceed?,"An 'SVC_ERR_73' on a Power server typically points to a memory fault. First, check the HMC logs for more specific error details. Then, attempt a graceful shutdown and restart if possible, or contact IBM support with the full error code"
ec3a8c1e-d1d6-450f-af1c-269b88b477a8,What is the first step in a typical IBM Power server OS upgrade?,"The very first step in a typical IBM Power server OS upgrade is usually a thorough pre-upgrade health check of the system, including backups, verifying hardware compatibility, and reviewing the upgrade plan for dependencies"
c43afa04-b660-47a3-8be0-cad44ac511fe,How do I confirm a successful firmware upgrade on a SAN switch?,"To confirm a successful firmware upgrade on a SAN switch, you should check the switch's CLI or GUI for the new firmware version, verify port status, and ensure all connected devices are communicating correctly. Review the upgrade logs for any warnings or errors"
93eb14de-a55e-4ff9-90c0-327134f4e165,What is a PTF in the context of IBM i or AIX?,"PTF stands for Program Temporary Fix. It's a package of fixes, enhancements, or new functions for licensed programs on IBM i (AS/400) or AIX operating systems"
0ce58026-6a8f-415d-a500-ffed94c3b344,What is the role of an HMC in an IBM Power environment?,"An HMC (Hardware Management Console) is a dedicated system that manages and controls IBM Power Systems servers. It allows you to configure, manage, and monitor LPARs (Logical Partitions), virtual I/O servers (VIOS), and system firmware"
c7d9c8da-4b1c-426b-9916-2d0f5b43a4f8,What are the best practices for SAN zoning with IBM FlashSystem?,"Best practices for SAN zoning with IBM FlashSystem typically include single-initiator, single-target zoning for each Fibre Channel port, using port-based zoning, and ensuring consistent zoning across all connected switches for redundancy and performance"
e4741929-4da3-458d-a9ce-c2bf10eb8edb,What does error code 'FLASH_SYS_0079' on a FlashSystem mean?,Error code 'FLASH_SYS_0079' generally indicates a network issue. Check the event logs for more details and consult the FlashSystem troubleshooting guide. Common initial steps include checking cable connections or re-seating components
52ddd0b2-579d-4164-ba3d-301135665d23,My Power server is showing a 'SVC_ERR_80' error. How do I proceed?,"An 'SVC_ERR_80' on a Power server typically points to a service processor fault. First, check the HMC logs for more specific error details. Then, attempt a graceful shutdown and restart if possible, or contact IBM support with the full error code"
1672ac3d-5a9a-4f97-a7e4-b1932f0485d2,What is the first step in a typical IBM Power server OS upgrade?,"The very first step in a typical IBM Power server OS upgrade is usually a thorough pre-upgrade health check of the system, including backups, verifying hardware compatibility, and reviewing the upgrade plan for dependencies"
36a00983-bd4f-4247-8518-0ee15a48e0c8,How do I confirm a successful firmware upgrade on a SAN switch?,"To confirm a successful firmware upgrade on a SAN switch, you should check the switch's CLI or GUI for the new firmware version, verify port status, and ensure all connected devices are communicating correctly. Review the upgrade logs for any warnings or errors"
f8b2bca2-91d2-4477-bc91-bf7734afb6e0,What is a PTF in the context of IBM i or AIX?,"PTF stands for Program Temporary Fix. It's a package of fixes, enhancements, or new functions for licensed programs on IBM i (AS/400) or AIX operating systems"
d8ad46b5-d7b1-4e93-bab2-86be6fbdbe45,What is the role of an HMC in an IBM Power environment?,"An HMC (Hardware Management Console) is a dedicated system that manages and controls IBM Power Systems servers. It allows you to configure, manage, and monitor LPARs (Logical Partitions), virtual I/O servers (VIOS), and system firmware"
71be2e90-eeac-431e-a6ac-1ccc811225ab,What are the best practices for SAN zoning with IBM FlashSystem?,"Best practices for SAN zoning with IBM FlashSystem typically include single-initiator, single-target zoning for each Fibre Channel port, using port-based zoning, and ensuring consistent zoning across all connected switches for redundancy and performance"
c4ca1388-f011-43f4-8415-e11ec39e5494,What does error code 'FLASH_SYS_0086' on a FlashSystem mean?,Error code 'FLASH_SYS_0086' generally indicates a drive issue. Check the event logs for more details and consult the FlashSystem troubleshooting guide. Common initial steps include checking cable connections or re-seating components
848a34cb-283f-4739-958f-dc50ab4fdeeb,My Power server is showing a 'SVC_ERR_87' error. How do I proceed?,"An 'SVC_ERR_87' on a Power server typically points to a firmware fault. First, check the HMC logs for more specific error details. Then, attempt a graceful shutdown and restart if possible, or contact IBM support with the full error code"
bb521ed3-b4cd-4c1f-9754-3da152622a00,What is the first step in a typical IBM Power server OS upgrade?,"The very first step in a typical IBM Power server OS upgrade is usually a thorough pre-upgrade health check of the system, including backups, verifying hardware compatibility, and reviewing the upgrade plan for dependencies"
9f54a88d-448b-40d1-84f6-50b21139f3a9,How do I confirm a successful firmware upgrade on a SAN switch?,"To confirm a successful firmware upgrade on a SAN switch, you should check the switch's CLI or GUI for the new firmware version, verify port status, and ensure all connected devices are communicating correctly. Review the upgrade logs for any warnings or errors"
f35e4386-e56e-4dba-9d90-cc37567dc856,What is a PTF in the context of IBM i or AIX?,"PTF stands for Program Temporary Fix. It's a package of fixes, enhancements, or new functions for licensed programs on IBM i (AS/400) or AIX operating systems"
f1315b8e-5aca-4dcb-9447-41eb6fccfa7f,What is the role of an HMC in an IBM Power environment?,"An HMC (Hardware Management Console) is a dedicated system that manages and controls IBM Power Systems servers. It allows you to configure, manage, and monitor LPARs (Logical Partitions), virtual I/O servers (VIOS), and system firmware"
38c98d5c-6f02-4381-ba9b-64194372a637,What are the best practices for SAN zoning with IBM FlashSystem?,"Best practices for SAN zoning with IBM FlashSystem typically include single-initiator, single-target zoning for each Fibre Channel port, using port-based zoning, and ensuring consistent zoning across all connected switches for redundancy and performance"
7a1813b5-dd00-44eb-8ff3-4576ab150217,What does error code 'FLASH_SYS_0093' on a FlashSystem mean?,Error code 'FLASH_SYS_0093' generally indicates a controller issue. Check the event logs for more details and consult the FlashSystem troubleshooting guide. Common initial steps include checking cable connections or re-seating components
28c433c3-da07-429c-8f15-3db19db95b06,My Power server is showing a 'SVC_ERR_94' error. How do I proceed?,"An 'SVC_ERR_94' on a Power server typically points to a CPU fault. First, check the HMC logs for more specific error details. Then, attempt a graceful shutdown and restart if possible, or contact IBM support with the full error code"
bd4f416d-77e3-4f85-b7b0-20f3f8ebee2c,What is the first step in a typical IBM Power server OS upgrade?,"The very first step in a typical IBM Power server OS upgrade is usually a thorough pre-upgrade health check of the system, including backups, verifying hardware compatibility, and reviewing the upgrade plan for dependencies"
d920beba-3df1-4275-a5d9-3373b3762c9a,How do I confirm a successful firmware upgrade on a SAN switch?,"To confirm a successful firmware upgrade on a SAN switch, you should check the switch's CLI or GUI for the new firmware version, verify port status, and ensure all connected devices are communicating correctly. Review the upgrade logs for any warnings or errors"
a3b3ec7b-080b-479f-a283-5ea23a02aa41,What is a PTF in the context of IBM i or AIX?,"PTF stands for Program Temporary Fix. It's a package of fixes, enhancements, or new functions for licensed programs on IBM i (AS/400) or AIX operating systems"
ee057941-b0fc-45bc-8b1e-b9632dfdf4a6,What is the role of an HMC in an IBM Power environment?,"An HMC (Hardware Management Console) is a dedicated system that manages and controls IBM Power Systems servers. It allows you to configure, manage, and monitor LPARs (Logical Partitions), virtual I/O servers (VIOS), and system firmware"
e3064e5b-b7ab-4224-ac88-836fe75fce97,What are the best practices for SAN zoning with IBM FlashSystem?,"Best practices for SAN zoning with IBM FlashSystem typically include single-initiator, single-target zoning for each Fibre Channel port, using port-based zoning, and ensuring consistent zoning across all connected switches for redundancy and performance"
